Fecha;Hora;P;Q
2017-03-31;17:45;0,8;12,11087468
2017-03-31;17:50;0;11,93455321
2017-03-31;17:55;0;11,98843443
2017-03-31;18:00;0,2;12,23450626
2017-03-31;18:05;0;12,50065273
2017-03-31;18:10;0;13,00528513
2017-03-31;18:15;1;12,63497475
2017-03-31;18:20;0;12,6086369
2017-03-31;18:25;0;12,55870156
2017-03-31;18:30;0,6;12,79826412
2017-03-31;18:35;0;12,79339803
2017-03-31;18:40;0;12,6159217
2017-03-31;18:45;0,2;12,55172048
2017-03-31;18:50;0;12,61943492
2017-03-31;18:55;0;12,47219487
2017-03-31;19:00;0,2;12,44330117
2017-03-31;19:05;0;12,43031233
2017-03-31;19:10;0;12,37143313
2017-03-31;19:15;0;12,20932564
2017-03-31;19:20;0;12,31030346
2017-03-31;19:25;0;12,17437174
2017-03-31;19:30;0;12,18293029
2017-03-31;19:35;0;12,28261037
2017-03-31;19:40;0;12,28600225
2017-03-31;19:45;0;12,07909365
2017-03-31;19:50;0;12,03483006
2017-03-31;19:55;0;12,13218926
2017-03-31;20:00;0,6;12,18042345
2017-03-31;20:05;0;12,12482611
2017-03-31;20:10;0;12,52901989
2017-03-31;20:15;3,4;13,22259345
2017-03-31;20:20;0;13,48282207
2017-03-31;20:25;0;13,71098366
2017-03-31;20:30;2,2;14,53133937
2017-03-31;20:35;0;14,67887773
2017-03-31;20:40;0;14,57339778
2017-03-31;20:45;0,8;15,95710823
2017-03-31;20:50;0;17,22931567
2017-03-31;20:55;0;17,93784653
2017-03-31;21:00;5,2;23,14236863
2017-03-31;21:05;0;34,26339135
2017-03-31;21:10;0;48,46026678
2017-03-31;21:15;14,6;69,5615468
2017-03-31;21:20;0;80,24937993
2017-03-31;21:25;0;85,4136301
2017-03-31;21:30;6,8;83,58506918
2017-03-31;21:35;0;78,31049292
2017-03-31;21:40;0;72,95040757
2017-03-31;21:45;1,2;62,09834156
2017-03-31;21:50;0;55,88278931
2017-03-31;21:55;0;51,35057379
2017-03-31;22:00;1;48,50942046
2017-03-31;22:05;0;45,69303057
2017-03-31;22:10;0;43,02839027
2017-03-31;22:15;0;40,41685716
2017-03-31;22:20;0;38,36297589
2017-03-31;22:25;0;36,6920789
2017-03-31;22:30;0,2;34,78946446
2017-03-31;22:35;0;33,6786514
2017-03-31;22:40;0;32,4974781
2017-03-31;22:45;0;31,27407644
2017-03-31;22:50;0;30,32987954
2017-03-31;22:55;0;29,5784272
2017-03-31;23:00;0,4;28,62758814
2017-03-31;23:05;0;27,99918879
2017-03-31;23:10;0;27,48567056
2017-03-31;23:15;0,6;27,47878385
2017-03-31;23:20;0;26,93119616
2017-03-31;23:25;0;26,39908871
2017-03-31;23:30;0;25,50958216
2017-03-31;23:35;0;25,39209902
2017-03-31;23:40;0;26,35383188
2017-03-31;23:45;0;26,06214402
2017-03-31;23:50;0;25,42620697
2017-03-31;23:55;0;25,10794621
2017-04-01;0:00;0;24,44731288
2017-04-01;0:05;0;24,00210486
2017-04-01;0:10;0;23,74497641
2017-04-01;0:15;0,2;23,49843283
2017-04-01;0:20;0;22,97491756
2017-04-01;0:25;0;22,92589255
2017-04-01;0:30;0,2;22,65130885
2017-04-01;0:35;0;22,66109367
2017-04-01;0:40;0;22,26466735
2017-04-01;0:45;0;21,98682137
2017-04-01;0:50;0;22,12957191
2017-04-01;0:55;0;21,83257067
2017-04-01;1:00;0;21,53936991
2017-04-01;1:05;0;21,85153492
2017-04-01;1:10;0;21,5369213
2017-04-01;1:15;0;21,50545268
2017-04-01;1:20;0;21,0451683
2017-04-01;1:25;0;21,20212539
2017-04-01;1:30;0;21,00600051
2017-04-01;1:35;0;20,82958389
2017-04-01;1:40;0;20,87156834
2017-04-01;1:45;0;20,69828412
2017-04-01;1:50;0;20,41083822
2017-04-01;1:55;0;20,69297092
2017-04-01;2:00;0;20,31150164
2017-04-01;2:05;0;20,31316325
2017-04-01;2:10;0;20,26836099
2017-04-01;2:15;0;20,29080819
2017-04-01;2:20;0;20,22588664
2017-04-01;2:25;0;20,03097853
2017-04-01;2:30;0;19,99475736
2017-04-01;2:35;0;19,91509164
2017-04-01;2:40;0;19,81629432
2017-04-01;2:45;0;19,76293247
2017-04-01;2:50;0;19,6883679
2017-04-01;2:55;0;19,87327174
2017-04-01;3:00;0;19,79949463
2017-04-01;3:05;0;19,75895347
2017-04-01;3:10;0;19,69443553
2017-04-01;3:15;0;19,60777869
2017-04-01;3:20;0;19,30917385
2017-04-01;3:25;0;19,44561174
2017-04-01;3:30;0;19,54175105
2017-04-01;3:35;0;19,36144621
2017-04-01;3:40;0;19,19481992
2017-04-01;3:45;0;19,12016435
2017-04-01;3:50;0;18,98564835
2017-04-01;3:55;0;19,35956808
2017-04-01;4:00;0;19,13772162
2017-04-01;4:05;0;18,95065294
2017-04-01;4:10;0;18,88804509
2017-04-01;4:15;0;18,94831143
2017-04-01;4:20;0;18,88193612
2017-04-01;4:25;0;18,88980991
2017-04-01;4:30;0;18,81970423
2017-04-01;4:35;0;18,63721768
2017-04-01;4:40;0;18,60476196
2017-04-01;4:45;0;18,80041858
2017-04-01;4:50;0;18,71494221
2017-04-01;4:55;0;18,74936951
2017-04-01;5:00;0;18,51907303
2017-04-01;5:05;0;18,60328531
2017-04-01;5:10;0;18,46060291
2017-04-01;5:15;0;18,45151962
2017-04-01;5:20;0;18,61508758
2017-04-01;5:25;0;18,44714922
2017-04-01;5:30;0;18,53192198
2017-04-01;5:35;0;18,3532257
2017-04-01;5:40;0;18,4951812
2017-04-01;5:45;0;18,48815579
2017-04-01;5:50;0;18,38775511
2017-04-01;5:55;0;18,49436017
2017-04-01;6:00;0;18,44262493
2017-04-01;6:05;0;18,22087222
2017-04-01;6:10;0;18,21243414
2017-04-01;6:15;0;18,3321801
2017-04-01;6:20;0;18,27217274
2017-04-01;6:25;0;18,3371283
2017-04-01;6:30;0;18,34692652
2017-04-01;6:35;0;18,33170257
2017-04-01;6:40;0;18,39224939
2017-04-01;6:45;0;18,23976913
2017-04-01;6:50;0;18,32184003
2017-04-01;6:55;0;17,97557974
2017-04-01;7:00;0;18,08281902
2017-04-01;7:05;0;18,15097996
2017-04-01;7:10;0;18,13740628
2017-04-01;7:15;0;17,93893519
2017-04-01;7:20;0;18,02632178
2017-04-01;7:25;0;17,95762906
2017-04-01;7:30;0;17,85610011
2017-04-01;7:35;0;17,86891241
2017-04-01;7:40;0;17,85902965
2017-04-01;7:45;0;17,70827918
2017-04-01;7:50;0;17,93539004
2017-04-01;7:55;0;17,79169648
2017-04-01;8:00;0;17,80576944
2017-04-01;8:05;0;17,83256251
2017-04-01;8:10;0;17,5815653
2017-04-01;8:15;0;17,54040704
2017-04-01;8:20;0;17,49930532
2017-04-01;8:25;0;17,63687284
2017-04-01;8:30;0;17,4742609
2017-04-01;8:35;0;17,55734625
2017-04-01;8:40;0;17,47642654
2017-04-01;8:45;0;17,31572098
2017-04-01;8:50;0;17,46635712
2017-04-01;8:55;0;17,41106513
2017-04-01;9:00;0;17,28105496
2017-04-01;9:05;0;17,22046845
2017-04-01;9:10;0;17,28200783
2017-04-01;9:15;0;17,29830848
2017-04-01;9:20;0;17,27509264
2017-04-01;9:25;0;17,32774531
2017-04-01;9:30;0;17,35291287
2017-04-01;9:35;0;17,26698097
2017-04-01;9:40;0;17,03763268
2017-04-01;9:45;0;17,15469122
2017-04-01;9:50;0;17,17092141
2017-04-01;9:55;0;17,10574387
2017-04-01;10:00;0;17,1238424
2017-04-01;10:05;0;17,05040758
2017-04-01;10:10;0;17,16411391
2017-04-01;10:15;0;17,2417229
2017-04-01;10:20;0;17,35617404
2017-04-01;10:25;0;17,21442152
2017-04-01;10:30;0;17,2257655
2017-04-01;10:35;0;17,22719213
2017-04-01;10:40;0;17,13150702
2017-04-01;10:45;0;17,14210014
2017-04-01;10:50;0;17,02745351
2017-04-01;10:55;0;17,02698119
2017-04-01;11:00;0;17,29494141
2017-04-01;11:05;0;17,11165681
2017-04-01;11:10;0;17,0739041
2017-04-01;11:15;0;16,9598344
2017-04-01;11:20;0;17,16290495
2017-04-01;11:25;0;16,99059097
2017-04-01;11:30;0;17,16828833
2017-04-01;11:35;0;17,03595649
2017-04-01;11:40;0;17,04573226
2017-04-01;11:45;0;16,90265142
2017-04-01;11:50;0;17,10871832
2017-04-01;11:55;0;17,10713455
2017-04-01;12:00;0;17,095755
2017-04-01;12:05;0;16,8570098
2017-04-01;12:10;0;16,88765706
2017-04-01;12:15;0;17,08343343
2017-04-01;12:20;0;17,05296991
2017-04-01;12:25;0;16,80832024
2017-04-01;12:30;0;16,9668075
2017-04-01;12:35;0;17,01804481
2017-04-01;12:40;0;16,85378898
2017-04-01;12:45;0;16,96224165
2017-04-01;12:50;0;16,84132777
2017-04-01;12:55;0;16,83529343
2017-04-01;13:00;0;16,85948925
2017-04-01;13:05;0;16,85337037
2017-04-01;13:10;0;16,97188156
2017-04-01;13:15;0;16,8242323
2017-04-01;13:20;0;16,84497174
2017-04-01;13:25;0;16,76036299
2017-04-01;13:30;0;16,79699795
2017-04-01;13:35;0;16,97185158
2017-04-01;13:40;0;16,89024102
2017-04-01;13:45;0;16,73770402
2017-04-01;13:50;0;16,95084376
2017-04-01;13:55;0;16,86984297
2017-04-01;14:00;0;17,09311975
2017-04-01;14:05;0;16,89656544
2017-04-01;14:10;0;16,91876866
2017-04-01;14:15;0;16,96056091
2017-04-01;14:20;0;16,91216674
2017-04-01;14:25;0;16,91938609
2017-04-01;14:30;0;16,95874209
2017-04-01;14:35;0;17,00657992
2017-04-01;14:40;0;16,89199572
2017-04-01;14:45;0;16,98752965
2017-04-01;14:50;0;17,02792302
2017-04-01;14:55;0;16,87238937
2017-04-01;15:00;0;16,94340963
2017-04-01;15:05;0;16,88061942
2017-04-01;15:10;0;17,03816858
2017-04-01;15:15;0;17,20933865
2017-04-01;15:20;0;17,11931543
2017-04-01;15:25;0;17,23757161
2017-04-01;15:30;0;17,23606266
2017-04-01;15:35;0;17,20306399
2017-04-01;15:40;0;17,26854027
2017-04-01;15:45;0;17,25860796
2017-04-01;15:50;0;17,4311519
2017-04-01;15:55;0;17,32134533
2017-04-01;16:00;0;17,28872759
2017-04-01;16:05;0;17,31091831
2017-04-01;16:10;0;17,36037292
2017-04-01;16:15;0;17,46384436
2017-04-01;16:20;0;17,40440032
2017-04-01;16:25;0;17,32580345
2017-04-01;16:30;0;17,36539688
2017-04-01;16:35;0;17,31840096
2017-04-01;16:40;0;17,30057696
2017-04-01;16:45;0;17,12160309
2017-04-01;16:50;0;17,23281474
2017-04-01;16:55;0;17,39132138
2017-04-01;17:00;0;17,2594115
2017-04-01;17:05;0;17,37457365
2017-04-01;17:10;0;17,18928739
2017-04-01;17:15;0;17,24743012
2017-04-01;17:20;0;17,41839043
2017-04-01;17:25;0;17,4798634
2017-04-01;17:30;0;17,17756439
2017-04-01;17:35;0;17,27459833
2017-04-01;17:40;0;17,28095504
2017-04-01;17:45;0;17,2243361
2017-04-01;17:50;0;17,17605852
2017-04-01;17:55;0;17,20950211
2017-04-01;18:00;0;17,24496897
2017-04-01;18:05;0;17,17962676
2017-04-01;18:10;0;17,27022983
2017-04-01;18:15;0;17,25204079
2017-04-01;18:20;0;17,23282987
2017-04-01;18:25;0;17,14827738
2017-04-01;18:30;0;17,24775747
2017-04-01;18:35;0;17,10534891
2017-04-01;18:40;0;17,20555187
2017-04-01;18:45;0;17,12851236
2017-04-01;18:50;0;17,19342904
2017-04-01;18:55;0;17,14798131
2017-04-01;19:00;0;17,05097379
2017-04-01;19:05;0;17,0300049
2017-04-01;19:10;0;17,01118279
2017-04-01;19:15;0;17,17150506
2017-04-01;19:20;0;17,0148933
2017-04-01;19:25;0;17,01497449
2017-04-01;19:30;0;17,10657055
2017-04-01;19:35;0;17,13811985
2017-04-01;19:40;0;17,09465146
2017-04-01;19:45;0;17,12460317
2017-04-01;19:50;0;16,90766936
2017-04-01;19:55;0;16,8775515
2017-04-01;20:00;0;16,90241488
2017-04-01;20:05;0;17,00255477
2017-04-01;20:10;0;16,9963394
2017-04-01;20:15;0;17,01941628
2017-04-01;20:20;0;16,90972765
2017-04-01;20:25;0;16,96291107
2017-04-01;20:30;0;16,78740145
2017-04-01;20:35;0;16,93375813
2017-04-01;20:40;0;16,97085768
2017-04-01;20:45;0;16,9917839
2017-04-01;20:50;0;17,01508571
2017-04-01;20:55;0;17,00484828
2017-04-01;21:00;0;16,97848213
2017-04-01;21:05;0;16,75240868
2017-04-01;21:10;0;16,88391798
2017-04-01;21:15;0;16,86925648
2017-04-01;21:20;0;16,77567876
2017-04-01;21:25;0;16,93854743
2017-04-01;21:30;0;16,92731467
2017-04-01;21:35;0;16,86980701
2017-04-01;21:40;0;16,91349112
2017-04-01;21:45;0;16,87897612
2017-04-01;21:50;0;16,86870596
2017-04-01;21:55;0;16,88273558
2017-04-01;22:00;0;16,88673802
2017-04-01;22:05;0;17,02571781
2017-04-01;22:10;0;16,96707175
2017-04-01;22:15;0;16,87058496
2017-04-01;22:20;0;16,8257051
2017-04-01;22:25;0;16,82711223
2017-04-01;22:30;0;16,89064522
2017-04-01;22:35;0;16,91339525
2017-04-01;22:40;0;16,85497627
2017-04-01;22:45;0;16,86656983
2017-04-01;22:50;0;16,78252689
2017-04-01;22:55;0;16,67801565
2017-04-01;23:00;0;16,88686978
2017-04-01;23:05;0;16,79065068
2017-04-01;23:10;0;16,60927128
2017-04-01;23:15;0;16,81894828
2017-04-01;23:20;0;16,84892415
2017-04-01;23:25;0;16,72373026
2017-04-01;23:30;0;16,94077598
2017-04-01;23:35;0;16,70354541
2017-04-01;23:40;0;16,82363789
2017-04-01;23:45;0;16,7480734
2017-04-01;23:50;0;16,79118481
2017-04-01;23:55;0;16,79360782
2017-04-02;0:00;0;16,79548191
2017-04-02;0:05;0;16,80212281
2017-04-02;0:10;0;16,74978363
2017-04-02;0:15;0;16,69745974
2017-04-02;0:20;0;16,74033401
2017-04-02;0:25;0;16,82698681
2017-04-02;0:30;0;16,85258402
2017-04-02;0:35;0;16,72363502
2017-04-02;0:40;0;16,72215259
2017-04-02;0:45;0;16,87718345
2017-04-02;0:50;0;16,81258124
2017-04-02;0:55;0;16,7272938
2017-04-02;1:00;0;16,80718288
2017-04-02;1:05;0;16,83284312
2017-04-02;1:10;0;16,7668557
2017-04-02;1:15;0;16,70390242
2017-04-02;1:20;0;16,86965152
2017-04-02;1:25;0;16,74725413
2017-04-02;1:30;0;16,50611771
2017-04-02;1:35;0;16,85365458
2017-04-02;1:40;0;16,61977499
2017-04-02;1:45;0;16,78065969
2017-04-02;1:50;0;16,72064051
2017-04-02;1:55;0;16,79715026
2017-04-02;2:00;0;16,55559221
2017-04-02;2:05;0;16,74356304
2017-04-02;2:10;0;16,70464617
2017-04-02;2:15;0;16,63692962
2017-04-02;2:20;0;16,78626491
2017-04-02;2:25;0;16,78117874
2017-04-02;2:30;0;16,54409478
2017-04-02;2:35;0;16,62563943
2017-04-02;2:40;0;16,61997079
2017-04-02;2:45;0;16,59961931
2017-04-02;2:50;0;16,55958463
2017-04-02;2:55;0;16,76710323
2017-04-02;3:00;0;16,52309425
2017-04-02;3:05;0;16,65922356
2017-04-02;3:10;0;16,55199103
2017-04-02;3:15;0;16,5943411
2017-04-02;3:20;0;16,52759051
2017-04-02;3:25;0;16,6229251
2017-04-02;3:30;0;16,61608557
2017-04-02;3:35;0;16,55974445
2017-04-02;3:40;0;16,57859234
2017-04-02;3:45;0;16,64981873
2017-04-02;3:50;0;16,51837409
2017-04-02;3:55;0;16,66514066
2017-04-02;4:00;0;16,67759078
2017-04-02;4:05;0;16,41891173
2017-04-02;4:10;0;16,47597833
2017-04-02;4:15;0;16,48556466
2017-04-02;4:20;0;16,45611363
2017-04-02;4:25;0;16,53725948
2017-04-02;4:30;0;16,41581969
2017-04-02;4:35;0;16,59495157
2017-04-02;4:40;0;16,35610715
2017-04-02;4:45;0;16,46569319
2017-04-02;4:50;0;16,39284324
2017-04-02;4:55;0;16,35372129
2017-04-02;5:00;0;16,37227285
2017-04-02;5:05;0;16,45935463
2017-04-02;5:10;0;16,38567688
2017-04-02;5:15;0;16,37281382
2017-04-02;5:20;0;16,51132045
2017-04-02;5:25;0;16,52967188
2017-04-02;5:30;0;16,41875271
2017-04-02;5:35;0;16,51751114
2017-04-02;5:40;0;16,52301445
2017-04-02;5:45;0;16,60473843
2017-04-02;5:50;0;16,46824789
2017-04-02;5:55;0;16,43967553
2017-04-02;6:00;0;16,3772214
2017-04-02;6:05;0;16,30129868
2017-04-02;6:10;0;16,39625053
2017-04-02;6:15;0;16,4010297
2017-04-02;6:20;0;16,41637622
2017-04-02;6:25;0;16,44269061
2017-04-02;6:30;0;16,37876524
2017-04-02;6:35;0;16,4099045
2017-04-02;6:40;0;16,54595252
2017-04-02;6:45;0;16,36297787
2017-04-02;6:50;0;16,33773954
2017-04-02;6:55;0;16,3477399
2017-04-02;7:00;0;16,18081327
2017-04-02;7:05;0;16,45946371
2017-04-02;7:10;0;16,13343474
2017-04-02;7:15;0;16,1860141
2017-04-02;7:20;0;16,27835172
2017-04-02;7:25;0;16,1089401
2017-04-02;7:30;0;16,20851946
2017-04-02;7:35;0;16,24038779
2017-04-02;7:40;0;16,08972849
2017-04-02;7:45;0;16,02326267
2017-04-02;7:50;0;15,88732652
2017-04-02;7:55;0;15,90193624
2017-04-02;8:00;0;15,93564422
2017-04-02;8:05;0;16,02189528
2017-04-02;8:10;0;15,94891616
2017-04-02;8:15;0;16,00183356
2017-04-02;8:20;0;15,95112538
2017-04-02;8:25;0;15,83608132
2017-04-02;8:30;0;15,9251962
2017-04-02;8:35;0;15,7737661
2017-04-02;8:40;0;15,85708314
2017-04-02;8:45;0;15,66465238
2017-04-02;8:50;0;15,7373198
2017-04-02;8:55;0;15,62431121
2017-04-02;9:00;0;15,8676753
2017-04-02;9:05;0;15,82732599
2017-04-02;9:10;0;15,64620201
2017-04-02;9:15;0;15,75614336
2017-04-02;9:20;0;15,67163257
2017-04-02;9:25;0;15,73122436
2017-04-02;9:30;0;15,63524722
2017-04-02;9:35;0;15,60595154
2017-04-02;9:40;0;15,76381739
2017-04-02;9:45;0;15,63606861
2017-04-02;9:50;0;15,72693368
2017-04-02;9:55;0;15,70881352
2017-04-02;10:00;0;15,63794329
2017-04-02;10:05;0;15,4723165
2017-04-02;10:10;0;15,75530394
2017-04-02;10:15;0;15,6336675
2017-04-02;10:20;0;15,55836105
2017-04-02;10:25;0;15,5212349
2017-04-02;10:30;0;15,61859893
2017-04-02;10:35;0;15,54572795
2017-04-02;10:40;0;15,57450922
2017-04-02;10:45;0;15,5944103
2017-04-02;10:50;0;15,61237601
2017-04-02;10:55;0;15,55244604
2017-04-02;11:00;0;15,61581333
2017-04-02;11:05;0;15,57621112
2017-04-02;11:10;0;15,56962694
2017-04-02;11:15;0;15,57837576
2017-04-02;11:20;0;15,72200918
2017-04-02;11:25;0;15,64082859
2017-04-02;11:30;0;15,59325306
2017-04-02;11:35;0;15,55413228
2017-04-02;11:40;0;15,59212441
2017-04-02;11:45;0;15,70274469
2017-04-02;11:50;0;15,56877908
2017-04-02;11:55;0;15,56922729
2017-04-02;12:00;0;15,41971253
2017-04-02;12:05;0;15,5894187
2017-04-02;12:10;0;15,543355
2017-04-02;12:15;0;15,54888289
2017-04-02;12:20;0;15,55941701
2017-04-02;12:25;0;15,59180157
2017-04-02;12:30;0;15,66096826
2017-04-02;12:35;0;15,58131748
2017-04-02;12:40;0;15,68453478
2017-04-02;12:45;0;15,64813191
2017-04-02;12:50;0;15,51204916
2017-04-02;12:55;0;15,58946731
2017-04-02;13:00;0;15,53287572
2017-04-02;13:05;0;15,58243141
2017-04-02;13:10;0;15,6394232
2017-04-02;13:15;0;15,64151568
2017-04-02;13:20;0;15,72577653
2017-04-02;13:25;0;15,73728259
2017-04-02;13:30;0;15,68165059
2017-04-02;13:35;0;15,57410103
2017-04-02;13:40;0;15,7527773
2017-04-02;13:45;0;15,64089739
2017-04-02;13:50;0;15,75570369
2017-04-02;13:55;0;15,72386702
2017-04-02;14:00;0;15,81343937
2017-04-02;14:05;0;15,74552888
2017-04-02;14:10;0;15,74168703
2017-04-02;14:15;0;15,70610764
2017-04-02;14:20;0;15,70309485
2017-04-02;14:25;0;15,61178429
2017-04-02;14:30;0;15,49952072
2017-04-02;14:35;0;15,49153791
2017-04-02;14:40;0;15,65509932
2017-04-02;14:45;0;15,58339695
2017-04-02;14:50;0;15,65494467
2017-04-02;14:55;0;15,56200566
2017-04-02;15:00;0;15,56962427
2017-04-02;15:05;0;15,6926933
2017-04-02;15:10;0;15,718168
2017-04-02;15:15;0;15,80357402
2017-04-02;15:20;0;15,73012171
2017-04-02;15:25;0;15,81790527
2017-04-02;15:30;0;15,7571412
2017-04-02;15:35;0;15,84320151
2017-04-02;15:40;0;15,78049582
2017-04-02;15:45;0;15,95728814
2017-04-02;15:50;0;15,87403863
2017-04-02;15:55;0;15,85521072
2017-04-02;16:00;0;15,91059159
2017-04-02;16:05;0;15,93066446
2017-04-02;16:10;0;15,87100705
2017-04-02;16:15;0;16,11682509
2017-04-02;16:20;0;16,0320989
2017-04-02;16:25;0;15,94832288
2017-04-02;16:30;0;15,8910507
2017-04-02;16:35;0;16,04839032
2017-04-02;16:40;0;16,02107978
2017-04-02;16:45;0;16,16020961
2017-04-02;16:50;0;16,00284047
2017-04-02;16:55;0;16,03371655
2017-04-02;17:00;0;15,97064885
2017-04-02;17:05;0;15,99662127
2017-04-02;17:10;0;16,07651343
2017-04-02;17:15;0;15,95115748
2017-04-02;17:20;0;15,98979165
2017-04-02;17:25;0;15,9921463
2017-04-02;17:30;0;15,95821204
2017-04-02;17:35;0;15,88828007
2017-04-02;17:40;0;15,80162439
2017-04-02;17:45;0;15,96261771
2017-04-02;17:50;0;15,99420242
2017-04-02;17:55;0;15,8832134
2017-04-02;18:00;0;15,92410007
2017-04-02;18:05;0;16,17728646
2017-04-02;18:10;0;15,92751368
2017-04-02;18:15;0;15,91342227
2017-04-02;18:20;0;15,85281881
2017-04-02;18:25;0;15,97544776
2017-04-02;18:30;0;15,90683316
2017-04-02;18:35;0;15,93229056
2017-04-02;18:40;0;16,02560299
2017-04-02;18:45;0;15,90744314
2017-04-02;18:50;0;15,8764901
2017-04-02;18:55;0;15,9551218
2017-04-02;19:00;0;15,88762138
2017-04-02;19:05;0;15,94450999
2017-04-02;19:10;0;15,81613896
2017-04-02;19:15;0;15,91094716
2017-04-02;19:20;0;15,83403442
2017-04-02;19:25;0;15,78860845
2017-04-02;19:30;0;15,85186381
2017-04-02;19:35;0;15,82966393
2017-04-02;19:40;0;15,82702641
2017-04-02;19:45;0;15,77513274
2017-04-02;19:50;0;15,83178564
2017-04-02;19:55;0;15,83707627
2017-04-02;20:00;0;15,69275059
2017-04-02;20:05;0;15,7424628
2017-04-02;20:10;0;15,7490896
2017-04-02;20:15;0;15,71823968
2017-04-02;20:20;0;15,8196456
2017-04-02;20:25;0;15,70004792
2017-04-02;20:30;0;15,58936164
2017-04-02;20:35;0;15,57141141
2017-04-02;20:40;0;15,59602785
2017-04-02;20:45;0;15,66678708
2017-04-02;20:50;0;15,76958669
2017-04-02;20:55;0;15,67167283
2017-04-02;21:00;0;15,66199387
2017-04-02;21:05;0;15,60907078
2017-04-02;21:10;0;15,69698702
2017-04-02;21:15;0;15,67693211
2017-04-02;21:20;0;15,65779157
2017-04-02;21:25;0;15,66582434
2017-04-02;21:30;0;15,60450516
2017-04-02;21:35;0;15,72691082
2017-04-02;21:40;0;15,73594387
2017-04-02;21:45;0;15,67941449
2017-04-02;21:50;0;15,53130205
2017-04-02;21:55;0;15,57292462
2017-04-02;22:00;0;15,6304226
2017-04-02;22:05;0;15,67851438
2017-04-02;22:10;0;15,66214856
2017-04-02;22:15;0;15,5792783
2017-04-02;22:20;0;15,66860085
2017-04-02;22:25;0;15,69849302
2017-04-02;22:30;0;15,55206669
2017-04-02;22:35;0;15,47371044
2017-04-02;22:40;0;15,54922525
2017-04-02;22:45;0;15,6776143
2017-04-02;22:50;0;15,57397537
2017-04-02;22:55;0;15,63260592
2017-04-02;23:00;0;15,66200817
2017-04-02;23:05;0;15,42057557
2017-04-02;23:10;0;15,54676917
2017-04-02;23:15;0;15,53130205
2017-04-02;23:20;0;15,540563
2017-04-02;23:25;0;15,42637038
2017-04-02;23:30;0;15,61484395
2017-04-02;23:35;0;15,57494906
2017-04-02;23:40;0;15,40793138
2017-04-02;23:45;0;15,45457606
2017-04-02;23:50;0;15,56702063
2017-04-02;23:55;0;15,41395329
2017-04-03;0:00;0;15,36842297
2017-04-03;0:05;0;15,41358433
2017-04-03;0:10;0;15,49757311
2017-04-03;0:15;0;15,42778449
2017-04-03;0:20;0;15,42673952
2017-04-03;0:25;0;15,42718533
2017-04-03;0:30;0;15,46499603
2017-04-03;0:35;0;15,43491869
2017-04-03;0:40;0;15,44726891
2017-04-03;0:45;0;15,42368152
2017-04-03;0:50;0;15,34489188
2017-04-03;0:55;0;15,41401575
2017-04-03;1:00;0;15,39276069
2017-04-03;1:05;0;15,44994598
2017-04-03;1:10;0;15,34666965
2017-04-03;1:15;0;15,40129811
2017-04-03;1:20;0;15,33628221
2017-04-03;1:25;0;15,37448406
2017-04-03;1:30;0;15,47763914
2017-04-03;1:35;0;15,36178549
2017-04-03;1:40;0;15,37878065
2017-04-03;1:45;0;15,65889439
2017-04-03;1:50;0;15,46094984
2017-04-03;1:55;0;15,27822799
2017-04-03;2:00;0;15,46795363
2017-04-03;2:05;0;15,35956203
2017-04-03;2:10;0;15,44442449
2017-04-03;2:15;0;15,37626383
2017-04-03;2:20;0;15,25169169
2017-04-03;2:25;0;15,45127043
2017-04-03;2:30;0;15,27127453
2017-04-03;2:35;0;15,27666944
2017-04-03;2:40;0;15,30145629
2017-04-03;2:45;0;15,30648997
2017-04-03;2:50;0;15,29975789
2017-04-03;2:55;0;15,3016089
2017-04-03;3:00;0;15,32501069
2017-04-03;3:05;0;15,28148373
2017-04-03;3:10;0;15,23477875
2017-04-03;3:15;0;15,20356179
2017-04-03;3:20;0;15,29376209
2017-04-03;3:25;0;15,22001216
2017-04-03;3:30;0;15,30020155
2017-04-03;3:35;0;15,2457069
2017-04-03;3:40;0;15,28007747
2017-04-03;3:45;0;15,19257531
2017-04-03;3:50;0;15,14102657
2017-04-03;3:55;0;15,22466386
2017-04-03;4:00;0;15,17341709
2017-04-03;4:05;0;15,20953691
2017-04-03;4:10;0;15,22045448
2017-04-03;4:15;0;15,21122945
2017-04-03;4:20;0;15,13424726
2017-04-03;4:25;0;15,2150571
2017-04-03;4:30;0;15,21601762
2017-04-03;4:35;0;15,23661108
2017-04-03;4:40;0;15,24902066
2017-04-03;4:45;0;15,30633734
2017-04-03;4:50;0;15,2383815
2017-04-03;4:55;0;15,26313205
2017-04-03;5:00;0;15,24199884
2017-04-03;5:05;0;15,34434276
2017-04-03;5:10;0;15,36838052
2017-04-03;5:15;0;15,11873226
2017-04-03;5:20;0;15,15544485
2017-04-03;5:25;0;15,32537842
2017-04-03;5:30;0;15,15912656
2017-04-03;5:35;0;15,09817033
2017-04-03;5:40;0;15,13778834
2017-04-03;5:45;0;15,2155134
2017-04-03;5:50;0;15,042704
2017-04-03;5:55;0;15,19781603
2017-04-03;6:00;0;15,24697311
2017-04-03;6:05;0;15,13508121
2017-04-03;6:10;0;15,31006865
2017-04-03;6:15;0;15,21250806
2017-04-03;6:20;0;15,17601849
2017-04-03;6:25;0;15,23569204
2017-04-03;6:30;0;15,24994853
2017-04-03;6:35;0;15,31000645
2017-04-03;6:40;0;15,24492572
2017-04-03;6:45;0;15,23001528
2017-04-03;6:50;0;15,19962599
2017-04-03;6:55;0;15,24457321
2017-04-03;7:00;0;15,03337138
2017-04-03;7:05;0;15,08478156
2017-04-03;7:10;0;15,03564266
2017-04-03;7:15;0;15,05704787
2017-04-03;7:20;0;15,01974789
2017-04-03;7:25;0;15,03058569
2017-04-03;7:30;0;15,05110781
2017-04-03;7:35;0;14,91736434
2017-04-03;7:40;0;14,96496338
2017-04-03;7:45;0;14,92561028
2017-04-03;7:50;0;14,98733723
2017-04-03;7:55;0;14,82426266
2017-04-03;8:00;0;14,8223707
2017-04-03;8:05;0;14,76815744
2017-04-03;8:10;0;14,85873656
2017-04-03;8:15;0;14,74489665
2017-04-03;8:20;0;14,69329979
2017-04-03;8:25;0;14,71579482
2017-04-03;8:30;0;14,69619785
2017-04-03;8:35;0;14,65112783
2017-04-03;8:40;0;14,6740926
2017-04-03;8:45;0;14,62408549
2017-04-03;8:50;0;14,59238512
2017-04-03;8:55;0;14,71921761
2017-04-03;9:00;0;14,50154225
2017-04-03;9:05;0;14,55418629
2017-04-03;9:10;0;14,51503742
2017-04-03;9:15;0;14,49423337
2017-04-03;9:20;0;14,51123961
2017-04-03;9:25;0;14,54952085
2017-04-03;9:30;0;14,70432524
2017-04-03;9:35;0;14,67837581
2017-04-03;9:40;0;14,71662902
2017-04-03;9:45;0;14,58369479
2017-04-03;9:50;0;14,74008774
2017-04-03;9:55;0;14,63384433
2017-04-03;10:00;0;14,71221774
2017-04-03;10:05;0;14,69833155
2017-04-03;10:10;0;14,78002428
2017-04-03;10:15;0;14,76914286
2017-04-03;10:20;0;14,64393753
2017-04-03;10:25;0;14,66053886
2017-04-03;10:30;0;14,61523559
2017-04-03;10:35;0;14,79322119
2017-04-03;10:40;0;14,6137169
2017-04-03;10:45;0;14,59851576
2017-04-03;10:50;0;14,50570837
2017-04-03;10:55;0;14,64529555
2017-04-03;11:00;0;14,64291015
2017-04-03;11:05;0;14,67424152
2017-04-03;11:10;0;14,57273593
2017-04-03;11:15;0;14,65727285
2017-04-03;11:20;0;14,80532994
2017-04-03;11:25;0;14,71168196
2017-04-03;11:30;0;14,76273252
2017-04-03;11:35;0;14,82071741
2017-04-03;11:40;0;14,90462885
